"Domain","RegisteredOn","AgeBand","Status"
"advancingecoag.com","2010-09-07T12:39:45Z","5y_plus","ok"
"arobs.com","2000-06-16T09:30:05Z","5y_plus","ok"
"azimuthtechnology.com","","unknown","The operation has timed out."
"bfzrunners.com","2021-10-12T14:34:29Z","2_to_5y","ok"
"blinkcommerce.io","","unknown","The remote server returned an error: (404) Not Found."
"blvckadeverising.com","","unknown","The remote server returned an error: (404) Not Found."
"bsln.health","2025-09-10T15:04:17Z","under_1y","ok"
"c5capital.com","2008-01-31T17:24:58Z","5y_plus","ok"
"completethreatpreparedness.com","2016-10-12T18:31:30Z","5y_plus","ok"
"constitutionalrightspac.com","2013-03-04T16:54:15Z","5y_plus","ok"
"czechoslovakgroup-usa.com","2022-10-24T09:41:23Z","2_to_5y","ok"
"defensepatriot.com","2015-09-11T22:27:11Z","5y_plus","ok"
"enjoyyourlifebrand.com","2018-12-31T16:31:26Z","5y_plus","ok"
"entoro.com","2016-07-22T18:46:16Z","5y_plus","ok"
"gabrielai.church","2025-11-29T17:03:35.876Z","under_1y","ok"
"hawkgrips.com","2011-03-30T23:41:41Z","5y_plus","ok"
"impreseog.wixsite.com","2012-05-08T23:35:02Z","5y_plus","ok"
"inserviceofhumanity.org","2024-08-15T21:59:19.15Z","1_to_2y","ok"
"janzmedicalsupply.com","2019-03-06T15:43:41Z","5y_plus","ok"
"jjtactical-gov.co","","unknown","The remote server returned an error: (404) Not Found."
"jujiclub.com","2018-04-13T19:49:12Z","5y_plus","ok"
"kimurapowertrainer.com","2023-10-28T14:58:18Z","2_to_5y","ok"
"larryward.ai","2024-12-18T17:14:36Z","1_to_2y","ok"
"liveoakstrat.com","2019-11-11T16:44:03Z","5y_plus","ok"
"marketrithm.com","2018-09-14T20:04:22Z","5y_plus","ok"
"msm-northamerica.com","2025-01-13T00:55:10Z","1_to_2y","ok"
"outlet.rent","2024-03-20T16:18:30.0Z","2_to_5y","ok"
"p8ball.com","2022-03-08T17:25:03Z","2_to_5y","ok"
"politicalmedia.com","2000-02-26T16:44:13Z","5y_plus","ok"
"qsenergy.com","2012-01-02T05:42:18Z","5y_plus","ok"
"quixoticlabs.com","2018-07-10T21:49:20Z","5y_plus","ok"
"responsival.com","2014-09-25T15:03:42Z","5y_plus","ok"
"rightscorp.com","","unknown","The remote server returned an error: (429) Too Many Requests."
"rytebox.com","","unknown","The remote server returned an error: (429) Too Many Requests."
"shoxammo.com","","unknown","The remote server returned an error: (429) Too Many Requests."
"theeruptor.com","","unknown","The remote server returned an error: (429) Too Many Requests."
"thefamilywins.org","","unknown","The remote server returned an error: (429) Too Many Requests."
"thelumen.group","","unknown","The remote server returned an error: (429) Too Many Requests."
"thesilentpartnermarketing.com","","unknown","The remote server returned an error: (429) Too Many Requests."
"timtamperformance.com","","unknown","The remote server returned an error: (429) Too Many Requests."
"tristargym.com","","unknown","The remote server returned an error: (429) Too Many Requests."
"wiv.vc","","unknown","The remote server returned an error: (429) Too Many Requests."
"xpservices.us","","unknown","The remote server returned an error: (429) Too Many Requests."
