"Domain","QueryDomain","RegisteredOn","Registrar","Status"
"advancingecoag.com","advancingecoag.com","2010-09-07T12:39:45Z","pair Networks, Inc. d/b/a pair Domains","ok"
"arobs.com","arobs.com","2000-06-16T09:30:05Z","GoDaddy.com, LLC","ok"
"azimuthtechnology.com","azimuthtechnology.com",,,"The operation has timed out."
"bfzrunners.com","bfzrunners.com","2021-10-12T14:34:29Z","GoDaddy.com, LLC","ok"
"blinkcommerce.io","blinkcommerce.io",,,"The remote server returned an error: (404) Not Found."
"blvckadeverising.com","blvckadeverising.com",,,"The remote server returned an error: (404) Not Found."
"bsln.health","bsln.health","2025-09-10T15:04:17Z","GoDaddy.com, LLC","ok"
"c5capital.com","c5capital.com","2008-01-31T17:24:58Z","Key-Systems GmbH","ok"
"completethreatpreparedness.com","completethreatpreparedness.com","2016-10-12T18:31:30Z","GoDaddy.com, LLC","ok"
"constitutionalrightspac.com","constitutionalrightspac.com","2013-03-04T16:54:15Z","GoDaddy.com, LLC","ok"
"czechoslovakgroup-usa.com","czechoslovakgroup-usa.com","2022-10-24T09:41:23Z","Gransy, s.r.o.","ok"
"defensepatriot.com","defensepatriot.com","2015-09-11T22:27:11Z","GoDaddy.com, LLC","ok"
"enjoyyourlifebrand.com","enjoyyourlifebrand.com","2018-12-31T16:31:26Z","GoDaddy.com, LLC","ok"
"entoro.com","entoro.com","2016-07-22T18:46:16Z","GoDaddy.com, LLC","ok"
"gabrielai.church","gabrielai.church","2025-11-29T17:03:35.876Z","Squarespace Domains II LLC","ok"
"hawkgrips.com","hawkgrips.com","2011-03-30T23:41:41Z","GoDaddy.com, LLC","ok"
"impreseog.wixsite.com","wixsite.com","2012-05-08T23:35:02Z","GoDaddy.com, LLC","ok"
"inserviceofhumanity.org","inserviceofhumanity.org","2024-08-15T21:59:19.15Z","GoDaddy.com, LLC","ok"
"janzmedicalsupply.com","janzmedicalsupply.com","2019-03-06T15:43:41Z","GoDaddy.com, LLC","ok"
"jjtactical-gov.co","jjtactical-gov.co",,,"The remote server returned an error: (404) Not Found."
"jujiclub.com","jujiclub.com","2018-04-13T19:49:12Z","GoDaddy.com, LLC","ok"
"kimurapowertrainer.com","kimurapowertrainer.com","2023-10-28T14:58:18Z","GoDaddy.com, LLC","ok"
"larryward.ai","larryward.ai","2024-12-18T17:14:36Z","GoDaddy.com, LLC","ok"
"liveoakstrat.com","liveoakstrat.com","2019-11-11T16:44:03Z","Squarespace Domains II LLC","ok"
"marketrithm.com","marketrithm.com","2018-09-14T20:04:22Z","GoDaddy.com, LLC","ok"
"msm-northamerica.com","msm-northamerica.com","2025-01-13T00:55:10Z","Gransy, s.r.o.","ok"
"outlet.rent","outlet.rent","2024-03-20T16:18:30.0Z","Tucows.com Co.","ok"
"p8ball.com","p8ball.com","2022-03-08T17:25:03Z","GoDaddy.com, LLC","ok"
"politicalmedia.com","politicalmedia.com","2000-02-26T16:44:13Z","GoDaddy.com, LLC","ok"
"qsenergy.com","qsenergy.com","2012-01-02T05:42:18Z","GoDaddy.com, LLC","ok"
"quixoticlabs.com","quixoticlabs.com","2018-07-10T21:49:20Z","NameSilo, LLC","ok"
"responsival.com","responsival.com","2014-09-25T15:03:42Z","GoDaddy.com, LLC","ok"
"rightscorp.com","rightscorp.com",,,"The remote server returned an error: (429) Too Many Requests."
"rytebox.com","rytebox.com",,,"The remote server returned an error: (429) Too Many Requests."
"shoxammo.com","shoxammo.com",,,"The remote server returned an error: (429) Too Many Requests."
"theeruptor.com","theeruptor.com",,,"The remote server returned an error: (429) Too Many Requests."
"thefamilywins.org","thefamilywins.org",,,"The remote server returned an error: (429) Too Many Requests."
"thelumen.group","thelumen.group",,,"The remote server returned an error: (429) Too Many Requests."
"thesilentpartnermarketing.com","thesilentpartnermarketing.com",,,"The remote server returned an error: (429) Too Many Requests."
"timtamperformance.com","timtamperformance.com",,,"The remote server returned an error: (429) Too Many Requests."
"tristargym.com","tristargym.com",,,"The remote server returned an error: (429) Too Many Requests."
"wiv.vc","wiv.vc",,,"The remote server returned an error: (429) Too Many Requests."
"xpservices.us","xpservices.us",,,"The remote server returned an error: (429) Too Many Requests."
